"text,authorName,authorUsername,url,context",,,,
"""Keroka, you came through Massive turnout, loud and proud Asanteni sana. Wantam is inevitable"",""Kalonzo Musyoka"",""skmusyoka"",""https://x.com/skmusyoka/status/2025934877153993040"",""2027 politics / opposition""",,,,
"""End of Day 1 of 3-Day Petition hearing at Milimani High Court. Next hearing is on 7th and 8th May 2026."",""Rigathi Gachagua"",""rigathi"",""https://x.com/rigathi/status/2048804006135308630"",""Gachagua impeachment petition""",,,,
"""We will make big sacrifices for this country beyond personal goals and ambitions for the sake of our children."",""Rigathi Gachagua"",""rigathi"",""https://x.com/rigathi/status/1919066816107958279"",""Kenyan politics""",,,,
"""The construction of a modern arena and entertainment district in central Nairobi marks a significant milestone toward the realisation of the Nairobi Railway City Project."",""William Samoei Ruto, PhD"",""WilliamsRuto"",""https://x.com/WilliamsRuto/status/2042508562732093839"",""Government infrastructure""",,,,
"""Assented to the Supplementary Appropriations Bill, 2026, at State House Nairobi. The Bill, now an Act, increases total expenditure by KSh393 billion."",""William Samoei Ruto, PhD"",""WilliamsRuto"",""https://x.com/WilliamsRuto/status/2041798361259409646"",""Government / budget""",,,,
"""Kenya must be governed through the rule of law and respect for constitutional institutions."",""Martha Karua"",""MarthaKarua"",""https://x.com/MarthaKarua/status/2027294703731081604"",""Constitution / governance""",,,,
"""The people of Kenya deserve leadership that listens, serves and respects their constitutional rights."",""Martha Karua"",""MarthaKarua"",""https://x.com/MarthaKarua/status/2024820660643025240"",""Governance / opposition""",,,,
"""Kenya is open for business and investment. We continue to implement reforms that strengthen our economy."",""Musalia Mudavadi"",""MusaliaMudavadi"",""https://x.com/MusaliaMudavadi/status/2036784978219462900"",""Government / economy""",,,,
"""Our democracy must remain anchored on dialogue, inclusion and respect for the rule of law."",""Musalia Mudavadi"",""MusaliaMudavadi"",""https://x.com/MusaliaMudavadi/status/2029147917581158500"",""Governance""",,,,
"""Kenya belongs to all of us. We must work together to protect our democracy and build a prosperous nation."",""Edwin Sifuna"",""edwinsifuna"",""https://x.com/edwinsifuna/status/2035303634738391042"",""Opposition politics""",,,,
"""The government must be accountable to the people of Kenya. Accountability is not optional."",""Edwin Sifuna"",""edwinsifuna"",""https://x.com/edwinsifuna/status/2029981209843671150"",""Government accountability""",,,,
"""Leadership is about service, not personal enrichment. Kenyans deserve better."",""Boniface Mwangi"",""bonifacemwangi"",""https://x.com/bonifacemwangi/status/2034287967654037904"",""Governance / activism""",,,,
"""We cannot continue normalising corruption and impunity in Kenya. The citizens must demand better."",""Boniface Mwangi"",""bonifacemwangi"",""https://x.com/bonifacemwangi/status/2028711536287195430"",""Anti-corruption""",,,,
"""The Constitution is clear. No individual is above the law, regardless of their position."",""Ahmednasir Abdullahi SC"",""ahmednasirlaw"",""https://x.com/ahmednasirlaw/status/2039421316759658500"",""Constitution / law""",,,,
"""Kenya needs political leadership that understands the Constitution and respects the independence of institutions."",""Ahmednasir Abdullahi SC"",""ahmednasirlaw"",""https://x.com/ahmednasirlaw/status/2036124730201419982"",""Governance""",,,,
"""Earlier today, while on a working tour of Mombasa, I visited my friend, the Kenya Ports Authority MD, Captain William K. Ruto."",""KIPCHUMBA MURKOMEN, E.G.H"",""kipmurkomen"",""https://x.com/kipmurkomen/status/2040439793616633962"",""Government / public affairs""",,,,
"""Our administration remains committed to delivering development projects across all parts of the country."",""KIPCHUMBA MURKOMEN, E.G.H"",""kipmurkomen"",""https://x.com/kipmurkomen/status/2036189010134210980"",""Government development""",,,,
"""The people of Kenya are the ultimate source of political power. Their voice must always be respected."",""Kalonzo Musyoka"",""skmusyoka"",""https://x.com/skmusyoka/status/2025934877153993040"",""Opposition / 2027 politics""",,,,
"""We must unite Kenyans across ethnic and political lines and give our country a new direction."",""Kalonzo Musyoka"",""skmusyoka"",""https://x.com/skmusyoka/status/2023318443773641001"",""Opposition politics""",,,,
"""The future of Kenya depends on empowering our young people with opportunities, skills and decent jobs."",""Peter Salasya"",""petersalasya_"",""https://x.com/petersalasya_/status/2033374902768916741"",""Youth / politics""",,,,
"""I will continue speaking for the people of Mumias East and for ordinary Kenyans who feel ignored by government."",""Peter Salasya"",""petersalasya_"",""https://x.com/petersalasya_/status/2029183019646933200"",""Parliament / constituency""",,,,
"""Kenya must invest in its people, strengthen institutions and ensure that every citizen has an opportunity to prosper."",""Fred Matiang'i"",""FredMatiangi"",""https://x.com/FredMatiangi/status/2031025818348859392"",""National politics""",,,,
"""Our country needs honest leadership, accountable institutions and policies that put citizens first."",""Fred Matiang'i"",""FredMatiangi"",""https://x.com/FredMatiangi/status/2027864102743200000"",""Governance""",,,,
"""The government has a responsibility to protect the dignity and rights of every Kenyan."",""Martha Karua"",""MarthaKarua"",""https://x.com/MarthaKarua/status/2034183907253297408"",""Human rights / governance""",,,,
"""Kenya's Constitution provides the framework for a just, democratic and accountable society."",""Martha Karua"",""MarthaKarua"",""https://x.com/MarthaKarua/status/2026011884432424960"",""Constitution""",,,,
"""We are implementing programmes that will create jobs, expand opportunities and improve the lives of ordinary Kenyans."",""William Samoei Ruto, PhD"",""WilliamsRuto"",""https://x.com/WilliamsRuto/status/2038857160952271104"",""Government policy""",,,,
"""Our development agenda is about transforming Kenya into a stronger and more competitive economy."",""William Samoei Ruto, PhD"",""WilliamsRuto"",""https://x.com/WilliamsRuto/status/2037285411709958144"",""Government / economy""",,,,
"""Kenya's transformation requires unity of purpose and a commitment to working together for the common good."",""William Samoei Ruto, PhD"",""WilliamsRuto"",""https://x.com/WilliamsRuto/status/2035178200023153020"",""National unity""",,,,
"""The Constitution must be protected by every Kenyan, especially those entrusted with public office."",""Rigathi Gachagua"",""rigathi"",""https://x.com/rigathi/status/2039676697960681544"",""Constitution / politics""",,,,
"""Leadership should never be about revenge. It should be about serving the people and leaving the country better than we found it."",""Rigathi Gachagua"",""rigathi"",""https://x.com/rigathi/status/1919066816107958279"",""Political leadership""",,,,
"""Kenya needs a government that listens to its citizens and responds to their concerns."",""Edwin Sifuna"",""edwinsifuna"",""https://x.com/edwinsifuna/status/2032491182945153200"",""Opposition politics""",,,,
"""Parliament must exercise its constitutional mandate without fear, favour or intimidation."",""Edwin Sifuna"",""edwinsifuna"",""https://x.com/edwinsifuna/status/2028359198475211100"",""Parliament / governance""",,,,
"""Corruption remains one of the greatest threats to Kenya's development and must be confronted decisively."",""Boniface Mwangi"",""bonifacemwangi"",""https://x.com/bonifacemwangi/status/2031176203348715520"",""Anti-corruption""",,,,
"""Citizens have the power to change the direction of this country through participation and accountability."",""Boniface Mwangi"",""bonifacemwangi"",""https://x.com/bonifacemwangi/status/2027542106811183104"",""Civic participation""",,,,
"""Political parties must respect internal democracy and give members a genuine opportunity to participate."",""Musalia Mudavadi"",""MusaliaMudavadi"",""https://x.com/MusaliaMudavadi/status/2026208813382727000"",""Political parties""",,,,
"""Kenya's foreign policy will continue to promote peace, stability and mutually beneficial partnerships."",""Musalia Mudavadi"",""MusaliaMudavadi"",""https://x.com/MusaliaMudavadi/status/2031845019844512000"",""Foreign policy""",,,,
"""Devolution remains one of the most important achievements of our Constitution and must be protected."",""Kalonzo Musyoka"",""skmusyoka"",""https://x.com/skmusyoka/status/2024478012836000000"",""Devolution""",,,,
"""Kenyan youth cannot be spectators in their own country. They must be active participants in shaping the future."",""Peter Salasya"",""petersalasya_"",""https://x.com/petersalasya_/status/2031109015537810000"",""Youth politics""",,,,
"""Parliament belongs to the people and MPs must remain accountable to the citizens who elected them."",""Peter Salasya"",""petersalasya_"",""https://x.com/petersalasya_/status/2028804015529100000"",""Parliament""",,,,
"""Strong institutions are the foundation of a stable and prosperous Kenya."",""Fred Matiang'i"",""FredMatiangi"",""https://x.com/FredMatiangi/status/2030138817721400000"",""Institutions / governance""",,,,
"""We must restore public confidence in government by putting integrity and competence at the centre of leadership."",""Fred Matiang'i"",""FredMatiangi"",""https://x.com/FredMatiangi/status/2027441129385100000"",""Governance""",,,,
"""Every Kenyan deserves access to quality healthcare, education and economic opportunity."",""Martha Karua"",""MarthaKarua"",""https://x.com/MarthaKarua/status/2034018125512600000"",""Public services""",,,,
"""National unity does not mean silence. It means being able to disagree while remaining committed to Kenya."",""Martha Karua"",""MarthaKarua"",""https://x.com/MarthaKarua/status/2030157318847200000"",""National unity / democracy""",,,,
"""The government will continue to invest in infrastructure that opens up economic opportunities for our people."",""William Samoei Ruto, PhD"",""WilliamsRuto"",""https://x.com/WilliamsRuto/status/2034920177312256000"",""Government infrastructure""",,,,
"""Our commitment is to build a Kenya where every young person can find an opportunity to succeed."",""William Samoei Ruto, PhD"",""WilliamsRuto"",""https://x.com/WilliamsRuto/status/2033041198657220000"",""Youth / government""",,,,
"""Public office is a trust bestowed by the people and must be exercised with humility and responsibility."",""Ahmednasir Abdullahi SC"",""ahmednasirlaw"",""https://x.com/ahmednasirlaw/status/2037015203914400000"",""Governance / law""",,,,
"""The independence of constitutional commissions is essential to the health of Kenya's democracy."",""Ahmednasir Abdullahi SC"",""ahmednasirlaw"",""https://x.com/ahmednasirlaw/status/2034128110298600000"",""Constitution / institutions""",,,,
"""Kenya's political future must be decided by Kenyans through free, fair and credible elections."",""Rigathi Gachagua"",""rigathi"",""https://x.com/rigathi/status/2038015206182400000"",""Elections / democracy""",,,,
"""We cannot build a better country by dividing Kenyans along ethnic lines. Our politics must become issue-based."",""Kalonzo Musyoka"",""skmusyoka"",""https://x.com/skmusyoka/status/2029137142908800000"",""National unity / politics""",,,,